text,label,notes
"I was in a similar position to you last year. As a rising senior, I became really obsessed with Yale, especially after watching the music video ""That's Why I Chose Yale,"" reading about its amazing residential college system on CC, looking through all the tastefully designed Yale brochures, etc. I fantasized about wearing the big Y sweatshirt, participating in butteries and master's teas, and living like Harry Potter in the castles of Hogwarts for the next four years of my life. Though Yale's acceptance rate is veryyyyy low, I had really unique extracurriculars for an Asian male from a geographically advantageous state and secretly thought I had a good chance of making it in. Over summer, I read everything I could about Yale (at one point, I went through all of its discussion threads on CC). Come senior year, I worked really hard on my Yale essays and sent them off SCEA. I held back on regular apps because I was convinced that if I were accepted early to Yale, then Yale would be my endgame. Everyone thought I would get in, and so I hoped so too. And I was deferred. It was devastating not only because a HYP deferral practically = a rejection, but that I had invested so much - a good portion of a year - into a pipe dream. The rest of December break was a blur because I was basically sobbing everyday to my parents (lmao) or frantically working on RD apps. It's very hard to fall out of love with a school that doesn't want you, but it's a necessary and inevitable process. Eventually, I had to accept that Yale was very likely not an option for me, and that I should best place my hopes somewhere else. At that point, I was already accepted to several safeties, and the more I look into them, the more appealing they seem. I got so hyped for my state flagship that I was undeterred by the prospect of a March college results slaughter. I had recalibrated my hopes vs. expectations and knew that I already had really fine choices in hand. By Ivy Day, I had also wrangled a full-ride merit scholarship from said flagship and was more or less committed (declined my other options). When I checked my results that night, I found out that I got the yes from Y, and H and P too. Honestly, I spent the days afterward in shock. Everyone at school was congratulating me and thought I would commit to my original top choice, Yale. At first, so did I. But after getting in, the euphoria faded fast. When I visited on Bulldog Saturday, I began seeing the flaws that I had so willfully ignored before. Don't get me wrong - Yale is a fine institution, one of the best - but it didn't align with what I want from my college experience. I wasn't enamored with Yale anymore, and I had already crossed Harvard off my list (didn't really like anything about it), but I LOVED Princeton and my state flagship so it came down to those two. Eventually, I chose Princeton, in part due to parental input as I have relatives living close by. But had P not been on the table, I would've happily went to my state flagship, no questions asked. This is a very longwinded rant but I'd like to say that I've been in your position and experienced both sides of the coin. It's okay to have a top choice, but understand that your life doesn't change significantly regardless of whether you are accepted or denied to said school. In the short run, you may feel wildly happy / sad depending on the outcome, but in the long run you will feel pretty much the same either way. Hope for the best but prepare for the worst - just know that the world won't be ending anytime soon.",Thorough,
"Dual enrolling probably won't do much for your application. They are going to weigh your academic factors much more. With where you are now, you risk having the focus on the tech school leave you less time to focus on high school which is more important. I would say work on bringing up the SAT score and GPA if you want to get into UCF with a good scholarship package.",Thorough,
"You don't have to list the activities of you don't want to. If you think adding these activities will make your app look like a laundry list of ECs you threw together senior year, it probably won't help you. But you can do the clubs anyways.",Thorough,
"same thing happened to me, but i applied to Physics which is a lot less competitive than Aerospace engineering so in my case i was probably underqualified for purdue somehow even though my stats were considerably above their 75th percentile",Thorough,
"This is dumb but something I (and probably only I) didn't know: the PSAT is a different length than the SAT. I was boggled to turn to a new section on the real exam and see *another* math section... So whichever one you study for, make sure you practice for the whole length of the test! I took both, and, unsurprisingly, fared much better on the ACT. Probably because I knew what I was getting into that time.",Thorough,
"You are dealing in hypotheticals right now, why not just wait until you get accepted/rejected then take it from there? Why stress over something that probably won't happen",Generic,
You might get into community college but I wouldn't hold my breath.,Discouraging,
Wow! I know quite a few people like you-- your chances are good :) but probably not at those Ivies. OSU and USC have full scholarship programs that I think you'll have a solid chance at.,Thorough,
"Would your dad allow you to see a psychologist/therapist instead of a psychiatrist? Or at least your regular doctor? Because I think you should see a professional, random redditors probably won't help very much (no offense guys).",Thorough,
"Sign up for community college now, that is extremely serious. I can't believe someone would do something like that. There is no possible way you can get away, your best option is trying to explain it to the colleges but that probably won't work. Good luck I guess.",Discouraging,
"I'm in a similar situation but my YouTube channel is alot smaller and more focused on those in my community. However, I probably won't write it down as an EC because it isn't as big, but I will include my leadership role within the game's group",Generic,
"What are you looking to major in? With your stats, you probably won't be able to get into any of the highly-ranked publics (like University of Texas, Virginia, etc.). Also, with public schools and being OOS, you won't get as much financial aid as you would staying in-state. How much can you afford?",Thorough,
Highly unlikely. Move on with another school. Sorry!,Discouraging,
"College apps are more than GPA and test scores. Although in your case, I'd be surprised if Berkeley rejected you",Generic,
"Lol yea most people have crazy stats on here so dont let it get to you. Im in NJ too and currently thinking hard about Quinnipiac, were not all ""ivy league or suicide"" types on here haha",Generic,
"AP scores aren't extremely important to admission. They are pretty much only used to determine whether your credits can be substituted to intro courses (and with those scores and the schools you are applying to, probably not). Personally, I wouldn't bother to send them.",Thorough,
"No, LACs do use it, but compared to the personal statement, it isn't the big dog that it is at state schools especially at 2230. Even HMC's average is below that. There is no need to worry about it. If you think 70 points will make that big of a deal, you're delusional. Source: two brothers at LAC and mother is a professor at one",Gatekeeping,
"Just make sure you're not ugly af. And if you are, get real good at photoshop in the next few hours.",Gatekeeping,
"&gt;“I saw my life branching out before me like the green fig tree in the story. From the tip of every branch, like a fat purple fig, a wonderful future beckoned and winked. &gt;One fig was a husband and a happy home and children, and another fig was a famous poet and another fig was a brilliant professor, and another fig was Ee Gee, the amazing editor, and another fig was Europe and Africa and South America, and another fig was Constantin and Socrates and Attila and a pack of other lovers with queer names and offbeat professions, and another fig was an Olympic lady crew champion, and beyond and above these figs were many more figs I couldn't quite make out. &gt;I saw myself sitting in the crotch of this fig tree, starving to death, just because I couldn't make up my mind which of the figs I would choose. I wanted each and every one of them, but choosing one meant losing all the rest, and, as I sat there, unable to decide, the figs began to wrinkle and go black, and, one by one, they plopped to the ground at my feet.” It's not too late, you'll still have college to figure stuff out. But you need to stop thinking and start doing. Love movies/film criticism? Blog, submit, provide reviews on your school newspaper, etc. Make youtube videos analyzing scenes or chemistry in movies. Write a screenplay.Sign up for a half marathon or marathon (maybe raise money). Show an upward trend in your GPA, do well on the SAT/ACT. It's never too late, but it gets harder and harder to longer you wait.",Thorough,
"No, honestly, that's pathetic. &gt; I'll have the Ivy League brand to back me up when I graduate. I'm sure that they'd drop you as an associate really quickly if they found out that you conned your way in.",Gatekeeping,
OOS MALE ASIAN CS REJ lmfao saw this coming,Discouraging,
lol no. a lot of kids in my school got arrested and suspended for worse but still made it into college.,Thorough,
"&gt;So, is there any way that I can show schools that I'm actually a good student who did something stupid a while ago? Yup. Do well on the SAT and get involved in some ECs",Generic,
"Fast answer: no. Even if they are in some way, they probably won't even be regarded.",Generic,
"From an admissions staff standpoint-- treat it like a rejection and move on. It's unlikely that you will get in, statistically.",Discouraging,
"As is the case in undergrad admissions, 1 grade won't be the decider. Just do your best going forward. What's done is done.",Generic,
"&gt;Of course one of my Mexican friends was accepted with a 17 ACT and a 2.4 with nothing backing him up Why are you implying that he only got accepted because of his ethnicity? How are you supposed to be notified? If it's via e-mail, check your spam folder (sounds dumb, but I've found important e-mails in there before).",Thorough,
"a lot of people do this. speaking from personal experience, i've made apps that received recognition but all the schools you listed rejected me lol but YMMV",Thorough,
Well the only downside I see here is that they probably won't have the writing skills people your age would have now.,Generic,
No I doubt it will be the difference between acceptance or rejection.,Generic,
"&gt;If they don't look at weighted GPA, what's the point in taking AP or Honors courses? This sort of mentality is one of the reasons you're probably not going to get accepted to UChicago. These sort of schools are not looking for brainless students who are just taking ap and honors classes just for the sake of having a good weighted GPA. Highschool have different scales on weighted GPA so comparing weighted GPA is unfair. I know my school didn't offer weighted scores for honor classes.",Gatekeeping,
"Completely agree. It fucking sucks that I have to weed through the fake stats and rich snobs to find actual advice. And half the time I probably won't even get the answer I needed in the first place because they are too obsessed with other more important posts about the ""perfect extracurriculars!""",Thorough,
That doesn't matter. Schools like UChicago care just as much abour your transcript as your GPA. You're acting like a stupid kid.,Gatekeeping,
"IB school, unless you're pursuing the arts in which case the art school would be probably be beneficial to you",Thorough,
I doubt they would. They can make a lot of money off of app fees.,Thorough,
Unless you are good enough to play on the varsity team for any sports it's unlikely you will get in with those sat scores.,Thorough,
"As /u/GoingKayaking said, Niche is a great way to view your objective percentile at many schools. Sites like Cappex however are terrible because they try to turn subjective qualities into objective numbers (for example, me putting ""caucasian"" as my race as opposed to ""no response"" lowered their rating of my chances by 25-35%). Their intentions may be pure, but their methodology can make the entire process seem rigged and discouraging (I'm fairly certain race does NOT lower someone's chances by that large of a margin). So, back to the objective percentile thing on Niche. I'd classify the tiers as the following ranges: * **SAFETY** - 90% or higher; the closer you are to 100% on the safeties, the more likely they are to throw more scholarships your way * **LIKELY MATCH** - 75-90%; these are schools you'll probably get into, but you cannot be certain; you're likely to get some merit aid at these schools * **MATCH** - 60-75%; these are the schools that you have an above average chance of getting into, but it is a very slim margin and you could very well be rejected; you have a chance to get some merit scholarships to these schools based on objective factors * **REACH** - Below 60%; these are schools that are either coin tosses (40-60%) or Hail Maries (below 40%); the chances of you getting into these schools are low, and you are not likely to get much merit aid even if you do get in NB: Ivies are NEVER safeties or likely matches on an objective scale, and they are rarely anything but reaches even if you have a 36 ACT and a 4.0 GPA. And any school with under a 50% acceptance rate is almost never a safety. While reach schools are perfectly acceptable to apply to, personally, I would not recommend that you spend a majority of your time applying to them. It will be much more beneficial for you in the long run to work really hard on your matches and likelies because those are the ones that will give you the best value. These two types make a great compromise between price and quality, and they are the schools that will give generous merit aid to students they wish to attract. As for the numbers of each you should apply to, I'd say 2-3 safeties, 3-4 matches, and 1-3 reaches. I recommend you apply to one safety school early action (not early decision, there's a HUGE difference). If you get into that one safety before you apply to the rest of your schoools, you can survive with just one safety. Make certain that the safety you apply to is one that you actually would enjoy attending. For reference, here is a list of my schools and the results from each: My stats: 34 ACT, 4.0 GPA * Louisiana State University (Safety) - Accepted on Early Action; honors program invitation; $10,000 in scholarships over 4 years * University of North Carolina at Chapel Hill (Likely Match) - Rejected on Regular Decision * Southern Methodist University (Likely Match) - Accepted on Early Action; honors program invitation; $126,000 in scholarships over 4 years * University of Notre Dame (Match) - Accepted on Regular Decision * Vanderbilt University (Reach) - Rejected on Regular Decision * Rice University (Reach) - Accepted on Regular Decision * Washington University in St. Louis (Reach) - Accepted on Regular Decision As you can see, I had pretty decent luck on my reaches, but I got rejected from one of my likely matches. This is an example of where objective classification is somewhat difficult. There are a ton of factors that help admissions committees decide, and unfortunately, those cannot be perfectly accounted for. I would classify UF as a likely match for you. I hope my rambling turned out to be helpful for you in the end! If you have any more questions, please don't hesitate to ask.",Thorough,
"She should apply for as many independent scholarships as she can. It should be like an after-school job for her from now till she gets there. As far as I know, since the school probably won't pony up for out-of-state students, this is her best bet.",Thorough,
"They don't look at your apps until after the deadline, so probably not.",Thorough,
"I think it depends on how your district weighs classes. In my district, the free periods/“study halls” are considered a local credit. Local credits have no weight, so they automatically boost your GPA, as it isn’t being weighed down by another elective, regular class, etc. I’d talk to your counselor about it!",Thorough,
I would guess Coastal Carolina University. That’s the only one I can tell you for sure but there’s probably some in Florida or something.,Generic,
"lmao at UW being a ""decent"" CS program. Anyways if you don't get direct admit to the major then generally about 40% of students who apply to the major after enrolling at UW get the major so you need to seriously consider whether you'd hedge your bets on 40% considering that very few people (and almost none outside of Washington state) get direct admission to the CS major.",Thorough,
"Hi there, from my experience, all the schools I applied to contacted me for an opportunity to interview AFTER I submitted the app. Many recommend taking the offer if given, since it shows ""demonstrated interest""; to be honest, I believe they hold little weight in the decision-making. If anything it's to help you learn more about the school. Good luck with everything!",Thorough,
Yeah if you want to look like a fucking idiot,Gatekeeping,
"The way I see it, if you are spending more than a couple hundred dollars on something solely because you think it will help you get into college, it's definitely a waste of money.",Thorough,
LOL do not offer to pay and do not expect the interviewer to pay for you. I’ve been to 2 interviews for elite schools and in both cases they were definitely not about to pay for me.,Thorough,
"It might raise an eyebrow, but probably not a flag. As I said, there could be any number of reasons why you tanked the test.",Generic,
I've had admissions officers tell me it's a good thing to do. I really don't think it could negatively impact you,Generic,
It surprises/amazes me that people that have no chance of getting into colleges like UPenn are applying there,Generic,
They probably wont verify it. At least Ive never seen or heard about it happening.,Generic,
"If you don't tell any college, they probably wont know",Generic,
"I'm sorry, but this is somewhat of a dumb question. Obviously getting all As would look good. And depending on the school, a 28 could look good as well. What you should be asking is how to achieve those things and what else can you do to supplement for a crappy early transcript.",Gatekeeping,
"For that particular path, I doubt you’d find many people who wouldn’t choose UIUC, even with extra debt. Success in the UIUC CS program is practically a guaranteed secure career with industry leaders.",Thorough,
"9 reaches, 1 safety. Of the reaches though, the Ivies are near impossible to get into, while Duke, WashU, and Northwestern are more likely.",Thorough,
"7 is plenty, I wouldn't bother applying to anymore. But maybe Quinnipiac, or UConn, or Trinity College?",Thorough,
"Probably not, since your fafsa/CSS profile should already reflect that, and the college should have already considered that. However, it doesn't hurt to try, I suppose.",Thorough,
"Why would college board give a guide to their own test? Because it makes them money lol. But on a serious note, college board's official guide along with their partnership with Khan academy are *the* best SAT prep resources. Why? Because they have official tests, the kind you would see on test day. Most other prep classes and books cannot boast anything similar. And as long as you're careful with your study, you can easily exceed someone put in a thousand dollar prep class by using these free resources. Btw, most trips to third world countries are meaningless.",Thorough,
"No, probably not. I'm not an admissions officer but I don't believe dropping Spanish would drastically affect your admission unless somehow it was important to you.",Thorough,
"Honestly, I strongly doubt that AdComs will look twice at it, but explaining your situation to your GC to make sure that they are familiar with it might be a good idea in the unlikely event that AdComs are suspicious might not be a bad idea.",Thorough,
"1. It has been described as cutthroat and competitive. Some of the people there are so driven they don't collaborate, show empathy, or form deep personal relationships. Part of that has become endemic in the culture. Obviously not everyone who goes there feels that way, but some do and probably more than at a ""lesser"" or more ""relaxed"" place like Georgia Tech. From Wikipedia: ""A number of student deaths in the late 1990s and early 2000s resulted in considerable media attention focusing on MIT's culture and student life.[341][342] After the alcohol-related death of Scott Krueger in September 1997 as a new member at the Phi Gamma Delta fraternity,[343] MIT began requiring all freshmen to live in the dormitory system.[343][344] The 2000 suicide of MIT undergraduate Elizabeth Shin drew attention to suicides at MIT and created a controversy over whether MIT had an unusually high suicide rate.[345][346] In late 2001 a task force's recommended improvements in student mental health services were implemented,[347][348] including expanding staff and operating hours at the mental health center.[349] These and later cases were significant as well because they sought to prove the negligence and liability of university administrators in loco parentis.[345]"" 2. Boston, MA isn't for everyone. The weather is hit and miss (and in the winter, mostly miss). Some people aren't cut out for the urban environment and Bostonian culture. 3. Cost of living is on the high end. 4. Cambridge, MA is just 4% Republican. That might be fine with you, or it could put you in a pretty tiny minority or be seen as not providing diversity of thought. 5. According to their Wikipedia: ""In April 2009, budget cuts led to MIT eliminating eight of its 41 sports, including the mixed men's and women's teams in alpine skiing and pistol; separate teams for men and women in ice hockey and gymnastics; and men's programs in golf and wrestling."" So if you're into alpine skiing and pistol, it's probably not for you. Seriously it's D3 for sports, so they aren't going to have a huge sports focus. Some people want that. 6. In the same vein, they have one of the worst mascots of all time: http://web.mit.edu/graphicidentity/tim-the-beaver.html",Thorough,
"id try to keep your gpa above 3.0 (a 3.0 looks way better than a 2.9) and study for the SAT/ACT. Depending on what school you want to go to, a high SAT/ACT can really give you a chance of getting in. I’d be sure to continue any extracurriculars you have or to start some that relate to your interests. Any summer volunteer/job experience relating to your interests, (math,sports,medical) whatever they may be, also show initiative and can bolster your application. Determine if you need to take any subject tests/SAT essay for any schools you’re applying to (though for most schools it probably wont be necessary) these sorts of application requirements are better to know ahead of time. Junior year is arguably the most important academically so really good grades this fall can also expand your college selection. Besides all the academics, really research which colleges you want to go to so you have an idea of where your target SAT/ACT, GPA, ect. should lay by the end of junior year. Enjoy your summer &amp; don’t stress too much since you have over a year till applications actually start, but don’t fall behind either! Good luck on your college journey and sorry for my poor writing, wrote this on my phone in the car. ¯\\_(ツ)_/¯ EDIT: I'm not sure how taking courses @ your local hs would affect your application, but volunteering is great!",Thorough,
"My parents want me to apply for schools outside of the US, so I'll probably end up sending out 6-12 apps when it's my time to suffer through this process. 2 or 3 safeties, 3 or 4 matches, 2 or 3 reaches, and the rest international just to satisfy my parents (probably won't attend tho).",Thorough,
&gt;33 ACT lol try a 37 ACT these schools have high standards &gt;3.9 GPA you better have a 3.10 GPA or you'll have no hope of getting in &gt;AIME Qual 3x try 4x &gt;F=ma try F &gt; ma &gt;2 Leaderships colleges have generally moved on from leaderships. leaderboats are all the rage and you have zero &gt;2 Internships ditto. also try 3 &gt;3 Research Projects. no --- hope that helped! try this good website i know www dot college confidential dot com they have good people like me,Gatekeeping,
"this is typically only required if you are applying using the sat. and probably not, but i wouldn't risk it. it would be terrible to be accepted to your dream school, only to have your offer of admission revoked after they find out you did that",Thorough,
"Does it count as anything? Probably not, but it does provide a window into who you are and that's important. If it's a major part of your life, you should probably include it - but maybe not as your most important activity.",Thorough,
"Your GPA/Location is going to hold you back at top schools. Colleges compare you to kids from your school and they review applications on a regional basis. The northeast is one of the most competitive areas in the country for college admissions. Simply put, a 3.5 won't cut it at top universities especially considering who you're up against. That being said, you did mention that your freshman GPA was 3.17. Colleges like to see and upward trend and you definitely have that. Your SAT is also decent. You should have no problem at Pitt or PSU. CWRU has been more difficult recently and they tend to waitlist students who aren't in their sweet spot. You could possibly receive that decision though I'd say it's unlikely. Probably more of a target. CMU, JHU and any Ivy is a reach for you. Your EC's are mediocre and nothing really stands out about your application. At the top schools you need something that differentiates you from other applicants. In addition, your lower GPA is going to hold you back there. Good luck! Feel free to PM me if you have any other questions.",Thorough,"Not hostile (blunt, but no insult to the asker), and loaded with real specifics: GPA numbers (3.5 vs 3.17), trend analysis, named schools with individualized reasoning (Pitt/PSU fine, CWRU waitlist-prone, CMU/JHU/Ivies reach), EC critique. Pessimistic conclusion, but specificity wins over pessimism in the decision rule"
"Hm, I wasn't really *too* formal with my emails. I think that as long as you are respectful, demonstrate interest, and are not too pushy you will be fine. Also be wary of emailing multiple professors in the same department - if your email is too generic they will know and it probably won't reflect well.",Thorough,
"UNC is extremely difficult for out-of-state students. It's at a 17% acceptance rate, so I wouldn't count on it. Note that since GPA, essays, and ECs are super important now if you don't submit a test score. Your unweighted GPA of 3.6 is on the very low side for Wake and some other good schools. I would work on bringing those up.",Thorough,
They probably won't be thrilled to get one on such short notice but really most letters of rec are extremely generic and take an hour tops. Just ask ASAP.,Thorough,
"You're right. It just seemed like the OP was saying the schools aren't that different, when I feel as though northwestern is a much better school. Is it worth the debt? Probably not.",Thorough,
"So: A: you are not fucked if you want to go to business. Plenty of people get into business school without Business EC's. I.e. me. B: Why are you interested in finance? If it's purely because of the money, I don't think it sounds like a good fit for you, given that networking is a big part of business and being socially awkward is probably not going to help. There are plenty of other money making fields you could consider. C: Math is pretty important for finance and business. If there is AP Calc at your school, you should definitely take it your senior year instead of honours calc. Additionally, consider taking the ACT or retesting on the SAT because 1360 isn't bad but to my knowledge, would be considered low for any of the target schools. Additionally, consider taking the SATII MII, because that could demonstrate math proficiency as well. Don't take MI though. D: Have you considered marrying those interests? I have a similar-esque profile to you, with my greatest EC's being in foreign languages, MUN, and YIG. For that reason, I applied to NYU Stern's [BPE](http://www.stern.nyu.edu/portal-partners/current-students/undergraduate/academics/degree-programs/business-political-economy-program) programme. Downside is that you can't get a finance double major with it, but the programme gives you a semester experience in both London and Shanghai (sophomore year,) incorporates various fields together so it might be more suitable to you. If that doesn't sound like your thing, USC's [WBB](https://www.marshall.usc.edu/programs/undergraduate-programs/world-bachelor-business) programme is an amazing opportunity where you graduate with 3 degrees from USC, Bocconi and HKUST. You study for a year at each and then get to choose where you spend your fourth year. Bocconi is in Italy and HKUST is in China. Alternatively, you could also consider U Penn's [Huntsman programme,](http://huntsman.upenn.edu/) which involves getting a degree from both the college of arts and science and wharton from U penn, integrating a study abroad with a language learning opportunity. (If you're interested in this, I know you also need to take a foreign language subject test and score a minimum on it.) These are just 3 programmes that I know (and shill a lot because I think they sound at least like awesome opportunities, particularly graduating with three degrees in the case of the WBB,) but I'm sure there are others out there that also aren't as competitive. Feel free to ask me if you have any questions and hopefully that helps assuage your fears/give you some ideas.",Thorough,
"I guess it depends on what schools you're applying to. I doubt it's going to be the ""be all end all"" of your apps though.",Generic,
"Just my humble opinion: Looks great: W&amp;M, Nova, WF, URich, UNC Looks good: BC, UVA, Vandy, Tufts Worth a shot: Cornell Maybe?: None! No Chance: None! Crank out some stellar essays and I think you're sitting pretty! But always keep in mind that no one has a crystal ball and knows your future, least of all me :)",Generic,
"As a recorded college entry requirement, I doubt it. As part of a review of rigor and contextualizing grades, absolutely.",Thorough,
"Sometimes you just have to sit down, put a playlist on, and write to your heart's content",Generic,
"I wrote an essay on how I led protests in my town against gay marriage, and I got accepted into college, so I doubt that it'll hurt you.",Thorough,
"Was there anything special or specific that may have brought your grades down? If so, you should mention that. I'd say as long as your ACT/SAT test scores are competitive and you have good ECs that show interest in something, you'd probably have a decent shot. But remember, elite schools are even a reach for those with 4.0/35 ACT...",Thorough,
"GPA: no liberty. The college will see your transcript. Jobs and extracurriculars: the college probably won't check unless your application seems suspicious, but if they catch you lying you are fucked. Better to just be truthful.",Thorough,
"Penn, Duke, Columbia, and Cornell are very small odds with literally just one EC and you being Asian, unless you were a tennis star and being recruited or something. Also for Penn State Medical generally you need shadowing and clinical experience to be admitted, and they're also very competitive, so that also looks unlikely. Pitt Honors is a good chance though,",Thorough,
"Another point is that a PID controlled water circulator is a fairly impressive project for a sophomore. In researching for the project I found it was the Senior Design project for many students at Ivy league schools. I want to include it in someway but if the person that's reading it ISN'T in the science dept, they probably wont realize what kind of accomplishment that is.",Thorough,
"I would imagine it would help. Check the demographics of where you want to apply. I'm purposely only applying to schools with high percentages of Caucasian people, because I'm half Brazilian, but get this, I'm also Jewish. So I'm milking that advantage of mine.",Thorough,
700 is bad for math 2? Lol mabye for MIT/Caltech... Cmon guys it's a ONE hour test it won't trump four years and if anything that it a good score. This sounds like a college confidential type discussion tbh we're better than that guys lmao.,Gatekeeping,
"Congrats on your SAT IIs! Top colleges like the ones you mentioned...Stanford, Cornell, etc...don't just look for a specific score. I would have to say even if you get a higher score on the next take, it would probably won't change your chances at those schools. Agree with you that it is better to focus on your essays and school work.",Thorough,
ehh probably not. Dont worry about stuff you cant really control,Discouraging,
It's probably not as good as you think it is. Make sure other people read it before you submit.,Generic,
"Should I mention that you would probably not even hear about test prep opportunities, would have no clue on how to pad your resume, and would probably have shitty opportunities in school and in life which stacks the odds of success so heavily against you so that there's a good likelihood you won't even go to college, much less one that would give you good financial aid? If you're considering being reborn into a poor family with few resources, let me highly advise you against it.",Thorough,
"You seem to have many good options, even if you don't get in to W&amp;M. There's nothing much you can do about it now, I'm sorry to say. You may or you may not. Honestly the best thing I can recommend is to not even worry about it, or figure out whether or not you will.",Discouraging,
Didn't read much. All I can say is that if you can get a 33-36 on ACT and get accepted into harvard/yale/etc and also into schools that are just as prestigious where you currently live that you should look at this from a vocational standpoint. I'm sure that if you don't mind living near uneducated idiots you'll do just fine. (I live in 'murica),Generic,
"If you have two weeks you can definitely prepare enough to raise your score. Plus, once you get into the mid-to-high 30's, one or two questions can be the difference between a 33 and a 35. I only prepared for one week and raised my composite score by 4 points, although the last time I took the ACT was 2 years before that. Just focus on not making stupid mistakes.",Thorough,
"Tbf if you discount the amount of applicants Harvard admits as athletes and donors, their acceptance rate for normal people like us is like 2.5% or something crazy like that lol",Thorough,
"It's probably not going to hurt you in the long run, but it's always nice to know where our applicants are coming from.",Generic,
"Yeah, I don't think he'd get in trouble unless he was blatantly inconsistent during the application process (during the interview, for example) or someone else let the admissions committee know. He should go with a topic that he can produce the best, most well-written essay about. I hate sounding so harsh, but if he's considering completely lying to gain an advantage (and with not so great ECs), he's probably not Harvard material anyway.",Thorough,
"Stop being so emotional and grow up already. I read your post in a whiny voice in my head, BTW.",Gatekeeping,
"I strongly agree with /u/blue_surfboard. However, unless if you have the money, I would take off North Carolina and William &amp; Mary. They are really expensive for out of state students and probably won't give you too much financial aid. I would replace them with private liberal arts colleges or other private research universities from Maryland down to Georgia. One example would be Emory University. You could also look at any other universities in Florida and see if they offer any full rides for your statistics. If money is not an issue, it's ideal - good luck.",Thorough,
"I don't know what type of letter I should get? I mean the classes had to cover loads of material so we didn't do too much interesting extra stuff. I think it would be stupid for a math teacher to talk about my summer job, or chem teacher to talk about my hobbies, that would just be using an authority figure to spout off garbage about my life. I want my teacher to talk about me as a student; I want them to talk about my work ethic, honesty, and desire to learn.",Thorough,
"PM me and I'll walk you through the whole thing. I probably won't check back in until morning, so don't freak when I don't respond back right away. Also, if I could get you into school for fall, would you want to go?",Generic,
"I feel your pain. It really sucks for the more qualified people that don’t get in and then have to see this. Edit: voices his opinion, immediately down voted. Did y’all get 22 on the ACT as well? Lol",Discouraging,
"Whatever it's called on your transcript is probably the best option. On my transcripts, all AP courses have AP in the course names. It's probably not that big of a deal.",Thorough,
Don't get your hopes up to high,Discouraging,
"Tbh I don't think essays matter as much as people say. So far I've gotten into all the schools I wrote garbage essays for at 11:50, and been rejected from all the ones I thought I wrote masterful essays for. Just be yourself and don't take too much advice from others. Colleges can tell when a counselor wrote your essay for you. Ask an English teacher to look over your essay briefly for grammatical errors or maybe glaring style issues (I didn't do this myself, but many do). Your parents will probably want to help with your essays but you shouldn't listen to them too much. Also make your essay unique to you as much as possible.",Thorough,
"For what its worth my brother goes to berkeley so i find myself up there a lot- you are right, it's stressful. my brother is a comp sci major so he also went thru the struggle of trying to get into your major. this probably wont help but I wouldn't worry about making friends at berkeley. my bro is an introvert but he hs a great group of friends- I think for most colleges including berkeley, your social life is what you make of it. so yeah (: if you have any questions about berkeley life i can ask my brother for you",Thorough,
"Female helps in stem, not so much in other areas. First gen is good, but you aren't URM.",Thorough,
"It isn't a always a be idea. However, considering the interests /u/opg321 has, it's probably not a good route to take.",Generic,
"It’s really just a stereotype. Sure, you’ll meet some entitled rich kids (as with any good private school), but there are lots of great people there. If you want to find down to earth people at USC, it won’t be hard at all to do so. The University of Spoiled Children joke is super funny but don’t let it discourage you from applying because USC really is a great school. I’m a UCLA prefrosh and have gone to a few USC parties + met people on campus so I definitely don’t know everything about the school and its students? But my bias isn’t enough to blind me from what I saw there which I think is worth something. Good luck to you and the rest of the class of 2019 on applications this year :)",Thorough,
"If you are in the United States, probably not many. An A- average is good, but does not qualify you for academic awards. However, some schools will give you [great aid](http://miamioh.edu/admission/merit-grid/index.html)",Thorough,
"It depends on the hardship that it would place on your family. If they’re taking out substantial loans to pay for HYPSM, the scholarship may be the way to go.",Thorough,
"Attend as many freshman activities as you can, and put yourself out there! Everyone is probably in the same boat as you, going to a new place with a lot of people they don't know. Everyone wants to make a friend, so it's a good idea to just force yourself to talk to everyone you're around, even if its only a small conversation. Smile at everyone you make eye contact with so even if you're too scared to approach them, they might approach you. You're not going to be the only introverted person hoping to make friends, so don't stress! You probably won't be best friends with everyone you meet, but you will find your group of people, and at least be cordial with the rest.",Generic,
"The strong point of your application is definitely your test scores which are *amazing*. The weakest points are your ECs, GPA, and your courseload. You'll have taken 6 college level classes before graduation; many students have 10+, and your weighted GPA is very concerning. Overall, Id say you have a very low chance at Caltech and Harvey Mudd, but for the other schools, you have a solid shot if your unweighted GPA is okay(3.7+). What's your unweighted GPA?",Thorough,
"Of course it would be interesting! A lot of students feel lost and need some guidance during their college years so such courses would be beneficial for them. And, well, the ones who are not motivated will stay this way with or without the courses...",Generic,
Yeah. You can look at my post in /r/collegeresults but it probably won't help all that much to ask this question.,Generic,
I think if you're taking the most rigorous and interesting courses that are available to you then there probably won't be an issue.,Thorough,
"It's unlikely, but why are you dropping AP econ halfway through the semester?",Generic,
Check the websites. The deadlines should be listed there. They probably won't notify you.,Generic,
Why are they so dedicated to in state residents? They act like they're a different country. Guessing they probably won't give any financial aid to oos applicants so I might as well not even apply anymore,Discouraging,
"Being completely honest, engineering at UCI is unlikely but UCR may be possible. You'd definitely have a better shot as a math major.",Thorough,
"Yeah probably not, unless it isnt too far below their score average.",Thorough,
"Really doubt that even if they notice this, which is unlikely, this would be a reason you get rejected.",Generic,
"I know this doesn't really answer the question, but I don't regret any of the schools I applied to. I just know I tried for all of them, and if they don't like me enough, it's fine. I tried and I know I gave it my all when it comes to this toxic process.",Generic,
"It doesn't matter what book you use, what matters is that you get sufficient practice. &gt;guides straight from the college board are dumbed down to maintain the curve. I scored consistently lower on the practice tests in the official CB SAT guide.",Thorough,
"I'm sure it depends on your interviewer, probably not a reflection on you. You're in, anyway, so nothing to worry about. Congrats!",Generic,
"I might be a little outdated (I was taing SAT2s like 3 years ago) but I remember the scores having to be around 750 or higher to be considered competitive. With ivies, it'll probably be even higher, they'll probably even expect a lot of students to get perfect 800s. The scores you have now probably won't help or hurt. If you have the time, maybe you should retake USH and Lit again to see if you can do better?",Thorough,
"Please stop talking about your schools rank- it's the reason I didn't reply to you on the last thread. Well, that, and the whole ""I have connections with a Nobel Prize winner"" stuff. No one cares, it doesn't help, and it made you sound like a dick. Your ACT score should give a more accurate picture to what's going on- I wouldn't bother to submit that SAT score anywhere, or that Math I score. You have a good chance at NJIT, UDel, and Stevens.",Gatekeeping,
Or the miracle could not happen. It probably won't. Expect that it won't. But that doesn't mean don't apply to reaches -- just temper your expectations.,Discouraging,
"If you apply to the UC's probably not. As a CA resident, the only UC's where you'd be out of place are Merced and Riverside (Maybe Santa Cruz Irvine and Davis). San Diego and especially Berkeley and LA are overflowing with people who are spending there first year west of the rockies their freshman year.",Thorough,
"What do you do with a communications degree? If you're interested in business, you'll get all the business communications you need from related coursework and internships. It's UPenn, you're probably not going to go wrong.",Thorough,
"700 on math is 66th percentile. That's like a 650 on US History or Literature. If your school requires subject tests, send it. If they require subject tests but they don't require them if you took ACT, don't send it. What's the average ACT at the school you're applying to?",Thorough,
"""US"" University does this mean you are international? Either way, as the other poster said it will probably not matter for many schools but if you're hoping for highly selective elite schools, chances are very slim to impossible if you don't have something besides your transcript that shows what you've done with your high school years.",Thorough,
"FSU is pretty heavily reliant on GPA/SAT (though other things do factor in). [Here](http://collegeapps.about.com/od/GPA-SAT-ACT-Graphs/ss/florida-state-university-admission-gpa-sat-act.htm) is a graph that shows you're right on the edge, a solid maybe. Not a waste of time at all, but still don't get your hopes up too high.",Thorough,
"And if you assume this is all Asians, you're a moron. Speaking in broad strokes about an entire group is ridiculous. Like what, we're all holding pitchforks saying we are the master race, we should be the only ones in Harvard? You make assumptions about a culture you don't understand. The claim that the process is racist is ludicrous, but so is your reasoning.",Gatekeeping,
"The only possible downfall I could see is if you already speak the language but take the class anyways. For example, if you are Korean and decide to take Korean for all four years and then get an 800 on the subject test, I don't think it shows versatility or an inquisition to learn something new. It really all depends on your context. In short, however, I really doubt colleges will look at your app and be like ""LOL this kid took Spanish! Uncultured peasant! Out of my sight!"" Then again, unless you want to be a linguistics major or study world languages, I doubt it's important.",Thorough,
I meant as long as you have decent essays I'd be surprised if you don't have at least a handful of acceptances to choose from in the end. Your stats are really impressive!,Generic,
"I actually think you are aiming too low. Very few Native American students have such high scores as you. Apply widely and don't be afraid to shoot for Ivys, Stanford, MIT, Duke etc. I'd be surprised if you didn't get into almost all",Thorough,
Why the fuck are you planning to use an engineering degree to pursue computer science? Take CS3. Don't major in fucking engineering if you want to pursue CS. Major in CS if you want to pursue CS.,Gatekeeping,
"So you wouldn't recommend a high-school kid with a good chance to be accepted to invest 75 dollars to send his application to Harvard, without being 100% sure that he is going there with a scholarship he needs? It was a stupid question, which was answered with patience I don't have.",Gatekeeping,
"Personally, their biggest drawback for me is location. I got into Middlebury and Vassar, and I've never been in snow and prefer urban environments and warm weather. I'm really sad about it because looking through Midd's course catalog for my major has me drooling but I don't think I'd be able to deal with living in rural Vermont for 4 years.",Thorough,
"Not a stupid question, I actually had the same thing lol.",Generic,
"Cal Poly doesn't let you switch into CS, so I would not go there if you weren't admitted to the major. It's incredibly impacted.",Thorough,
ehh probably not especially if shes not a huge donor or anything,Generic,
Probably not. Contact the school.,Generic,
"Have you ever considered taking a gap year? You could take a year long break to de-stress and when ur feeling better, you could apply as a transfer? Idek if this is possible, but whatever you end up doing, don't consider all of your hard work a waste. You've worked hard and I only hope for the best for you.",Thorough,
"It shouldn't be that bad. If the BC teacher is chill, sweet, nice, and compassionate, go for it; otherwise stick to AP Statistics I'll be applying to GA tech too (probably won't get in though lol) and I'm not taking BC",Thorough,
"Tech you probably won't have a problem. UVa is unlikely, especially if you're from NOVA.",Thorough,
"I wouldn't recommend Rice. Their tuition is insanely high, and their need-based aid doesn't compare to elite private schools like MIT/Stanford/Ivy Leagues. You could try, hoping to get a merit scholarship offer, but that is unlikely based on your current stats.",Thorough,
"You are probably not going to get that scholarship. I suggest looking around /r/scholarships for more advice on finding outside sources of aid. Unfortunately, a lot of them are not geared toward transfer students. Also, even though your GPA tanked a while, an upward trend is always reassuring.",Thorough,
"Is the interview with an admissions officer or alum/current student? If an admissions officer, I wouldn't bring up the situation (in the interview, definitely address in your app) but if they ask directly, I would say that you received disciplinary action and wanted to start afresh elsewhere with a new, mature perspective. At your new school, you have not only been following the rules but have become a valuable member of the school community and have really learned a valuable lesson blah blah blah. If an alum or student, I wouodn't mention it unless they've been previously informed (highly unlikely). Instead, if they ask why you transferred, I'd say that you felt new school was a better academic and cultural fit and you've really found your community at new school, etc. Don't lie but don't get into the gory details.",Thorough,
"lol for people complaining about race and AA in a post not even about that. I got into 16/17 schools I applied to including yale, 2 other ivies, Stanford, and MIT and Duke. My class is rank is 15/116. I am a black makes. The black girls in my grade who are both QB finalists and rank higher than me got rejected from all their reaches. The white dude in the grade who ranks 5/116 got into every school he applied to, including Cornell, except Stanford. Out Asian salutatorian was rejected by all her reaches. Last year at my school, 2 black boys who ranked 4 abd 6 in their class were rejected by all their reaches. No one got into any top schools that year except an Asian female who was the sal, who got into John Hopkins. The year before that, our black male Val was rejected everywhere but Vanderbilt. See much of a correlation with race here? Neither do I. AA is a small boost, and chances are if you got rejected as one race, you'd still be rejected as another. Same goes for acceptances. People need to stop screaming AA whenever a URM applicant gets into a top school and realize that race is only a small factor. College admissions are a general crapshoot for everyone, especially to top schools. It's not fair to invalidate the accomplishments of URMs by screaming about how they only got in because of AA. I feel like people do this because they're bitter about their rejection and don't want to admit to being unqualified",Thorough,
"Something like 85% of undergrads change majors. Many people think they admit based on intended major... That would be stupid. They admit based on your achievements and strengths. So declaring math vs. Engineering would have little to no effect, because they're not admitting future engineers or mathematicians... They're admitting students. Tl;Dr: still wouldn't work",Thorough,
"Whether it's application-stuffing or not, *most* people would include them. Probably not a helpful answer, but...",Generic,
"Personally, I only took both tests once (well, I've done both the old and new SAT) so I didn't have the chance to do worse the second time. But it's probably pretty unlikely you'll do worse, so I wouldn't worry.",Generic,
Apply REA to Stanford. I doubt their applicant pool is actually more competitive.,Generic,no particular tone
"you could def get into a T20 with your stats lmao. look at brown, northeastern, carnegie mellon, mit, tufts, stevens, and harvey mudd",Thorough,
"this stupid app won't let me edit— ETA: looking at your stats, you are pretty average for a Californian Asian lol--if you're feeling bad about not sizing up among other Asian kids, honestly, don't. You are quite smart. It sucks knowing kids who are perfect across the board but we can't all be them.",Generic,
"I probably don't have great advice for you, but I think at this point you should still apply to your dream schools. However, you should be aware that if your essays and whatnot are mediocre, you may not have the best chance. For the record, universities do take into account the rigor of your high school. Another thing; it's surprising that a 1100/1600 on the PSAT is the highest at your school if it's so rigorous. If you have a solid SAT or ACT score it will be a testament to your abilities and also the academic rigor of your school (I got a 2200 but only had a 4.0W at my school, and I accepted that because of my GPA I had no chance at top 20 schools). It actually sounds like you're extremely depressed, and that you seem to believe that someone is naturally ""smart"" or not smart. This may apply a little bit, but what's much more applicable is your work ethic. As someone who's dealt with chronic depression, I realize the positive feedback loop of poor academic performance and depression, especially when your school is obsessed with college admissions like mine or yours. Of course you should probably see a psychiatrist for a while, but I definitely would recommend exercising regularly if you don't already. My favorite class I've ever taken was actually psych class at a summer session at Stanford, and the PhD student who taught it had done a ton of research on regular physical exercise and its effect on particpants' self-reported positive affect (emotion). With a ton of research done on this, it's become immensely clear that regular physical exercise is more effective at improving your emotional state and warding off depression than just psychotherapy, SSRI's, or both of those combined. Also, the SAT probably doesn't need like hundreds of hours of studying on your part lol. Actually, any amount of meaningful learning about the types of questions it asks, taking practice tests, and other junk would be immensely helpful to you. Anyway, I hope you're doing better in the future and I wish you the best.",Thorough,
The UCs are not that affordable if you are out of state.,Thorough,
"Lol in the future, sometimes a white lie is a smarter thing to do. You could just keep it anyways and then not attach it to any school, or attach it to a safety. If I were you, I would just tell her that I'll submit it and then take it off right before I submit it.",Thorough,
"Ye, I applied as a international student this year and I got into Colby with nearly a full ride (around 60K covered out of 70k - Of course this is all need based). I know many more who got into ivies and other top LACs with full rides. Yes, the more you can pay the easier it is. If you absolutely need fin aid I would say rule out all public schools in the top 100. Look for Public schools where you can get merit scholarships and other private schools and LACs where they meet full need.",Thorough,
"Oh ok. I don't know a lot about that CSU but it seems like they aren't super difficult to get into and probably not that picky, so I wouldn't include those grades unless they say to. Edit: Also good luck!",Generic,
Oh I did that beforehand lol it's very helpful,Generic,
"Probably not. Also, how is it even possible to be 1/5 of a race?",Generic,
"For English, If you're into journalism in any form, there is always room at the local newspaper for interns. Probably won't get paid though.",Discouraging,
It's highly unlikely that your bargaining will work-- most schools don't do that anymore. What you get is what you get. I would say go with Northwestern since they're offering you so much free money. It's an amazing school.,Thorough,
"Hey. Don't sweat it. (probably not the best advice.) I had a korean friend who had shitty gpa and sat score simialr to you but he got into Penn State. That might be because he was also foreign exchange student. Have some hope, but otherwise CC is an option.",Thorough,
"Fordham is also my first choice school. I did a lot on research on Fordham University and also attended their pre-college program. It all depends on what program you apply for in fordham. Their Gabelli School of Business, especial global business, will be impossible to get into. However, I think you’ll be accepted, but I doubt they will give any scholarships. I’m not 100% sure so don’t take my word for it.",Thorough,
"Why did they call her specifically? It's probably the other way around, Florida State called your friend because they were interested in her. But if I called Florida state, they probably won't give a shit about how much interest I'm showing over the telephone, much put it on her would-be application when she applies senior year.",Thorough,
"You're being too vague so I don't know. If it's like a great uncle then no, it probably won't give you any advantage. If it's your grandfather then yes, it might give you an edge.",Thorough,
"I told someone “I’m applying to SMU”, and he responded with “I get a lot of emails from there”. Lmao.",Generic,
UCB is one of the most competitive CS programs in the country. A 1600 or even a 2000 is way too low. Even with outstanding extracurriculars and great recommendations there is little to no chance that you'll get in. I would consider looking at other UC's.,Thorough,
I'm sorry but this is a pretty stupid question and depends on so many things,Gatekeeping,
"Unlikely - universities know that your school may not offer very many APs, and will take your transcript in context with other kids'. If you take all five AP classes and perform well grade-wise, you could get in over some kid who takes 13 APs and AP-equivalent classes, depending on the rest of your respective records. Basically, they can't expect you to take classes that don't exist, so they see how well you do with the classes that *are* available.",Thorough,
"Depends on where you're applying. You should always contact them directly to find out. I would say you're probably not late, but you're close. You should apply as soon as possible.",Generic,
Dartmouth lol. I think roughly 50% of students there are in a frat/sorority of some sort.,Thorough,
"Cornell, NYU, and Berkeley are more unlikely (cornell and nyu because low transfer admission rates really, and berkeley because I am assuming you are oos), but USC and UNC are possibilities. I just got accepted to UNC, and my HS GPA is a 2.9. In general, be mindful of the classes you take in college and get the highest grades you can. [Look at my post](https://www.reddit.com/r/ApplyingToCollege/comments/6272d4/on_community_college_and_transferring_and_how_my/) for more information.",Thorough,
I was accepted last month and did not receive a LOR request.,Generic,
"Its really stupid to ask for advice and then disregard it. Many schools explictly ask for more materials - if they let you off the waitlist, they want to know that you will attend. Demonstrated interest now, more than ever, is key.",Gatekeeping,
"I could be wrong, for what I understand it's next to impossible to change majors at Berkely (even within the specific college), so you might want to take that into consideration",Thorough,
Some schools say that moving to the state for tuition purposes meaning you are not considered in state. Tbh it’s pretty unlikely.,Generic,
"It's true that it's harder to improve higher scores than it is to improve lower scores, but you won't plateau after two tests. It's best to not take the SAT *too* many times; it's a waste of time that could be spent on other activities.",Thorough,
"Lol Stanford REA was the first app I did. I didn't even realize that they had a lot of supplements since most of them are short and sweet. So don't worry, just be yourself. Plus since there were so many I was able to finesse some of them for other apps haha",Generic,
"All the private schools + umich will give you good aid. I would suggest Northeastern as a safety/match for you, and recommend you take Duke off that list given you are looking for a reputable CS program, I'm sure watching basketball isn't your top priority in college. I am not sure you need more reaches, as you have Stanford Columbia CMU already, but you can always apply to Cornell, MIT, Caltech. USC could be a potential target/reach, and they give lots of money, especially if you did well on your psat/sat. I would suggest UCLA, but they probably won't give you too much aid. As u/karma_11 suggested, you could look into LACs, but they might be too small for your taste.",Thorough,
I'm out of state but I got into SLO with a 3.5 uw! There is hope.,Generic,
"Don't worry about it. I'm sorry to say it, but you won't get in regardless.",Discouraging,
"Honestly, just let this go. If he won't listen to his father or counselor, you probably won't be able to convince him. I agree with the other posters: he's not very competitive, even with the ""BS leadership"" you mentioned in the comments. However, as a last ditch strategy, take a place like University of Alabama and/or your state public (a school that really is a safety), and convince him to apply since ""some schools will match financial aid awards"". And you know what's more prestigious than getting into Columbia? *Getting into Columbia on a full ride.* That's not honest, and really evaluate how much this concerns you. You could face a lot of backlash (including possibly losing a friend!). You might also save his behind from taking an unplanned gap year. It's your call. After you offer what advice you want, though, just drop it. Let him do as he will. Focus on yourself and your applications...you can't fix everybody's problems. Some people just need to learn for themselves. And, hey, maybe he'll get lucky!",Thorough,
"Very unlikely due to the fact that transfer applications to Georgetown/Stanford and other elite universities accept transfer students from universities mostly. Depending on your GPA/Test scores, you should be able to attend a state university/other options and be able to transfer after your sophomore year there!",Thorough,
"If I'm being honest, my intuition says probably not. But I'm not an admissions counselor so.",Discouraging,
Just got rejected. The holistic approach is total nonsense. I truly believed I was qualified with my stats but I guess not.,Discouraging,
"Lot of em are rich, and a lot of em are smart...? (not necessarily both lol) Transferring means doing the HS application process with new essays and a submission of everything you've done in college.",Thorough,
"I was all set to move across the country but I got rejected from all Cali schools! I may be living vicariously through you but go. If you love the school, go. (There's always time for grad school later!)",Generic,
"I mean Michigan is ranked higher, but it's probably not worth the extra 30k/yr especially if you're going to grad school. Rankings also don't tell the whole story, I'd honestly visit after you're accepted, most schools have accepted students tours which actually tell you way more than the general ones. But Ohio State is supposedly awesome and if it were me I'd go there.",Thorough,
"I've heard that it really doesn't matter much and because of this a lot of schools don't ask for it anymore. It MIGHT make a little bit of a difference if you got like a 2400 on it, but it probably won't matter and they know it's irrelevant.",Thorough,
Just wait until you have to pay over $200 to take the GRE,Thorough,
"I wouldn't count on JHU and BU with your GPA and SAT, the rank of your school doesn't matter if you have a lower ACT/SAT than most of their applicants. The awards you won may help but I don't see them being able to get you into JHU maybe BU will accept but I can't say for sure. The AP scores also do not help if it is an option I wouldn't any of the scores but it is ultimately your discretion. I cannot chance the other schools as I don't know enough about them.",Thorough,
"Sounds pretty flukey, so I doubt it'd get you rescinded if that's the only low grade you've gotten",Generic,"Not hostile, no real specifics (no number, no named precedent, just ""sounds flukey""), and not actually pessimistic either"
"Um, you're gonna have a lot of trouble finding generous financial aid at that point. Especially if you're the only kid attending college from your family at this time. Even Harvard would only give you about 26-35k, leaving you on the hook for 37-46k. And Harvard is about as generous as it gets. If you want to save money, try an in-state school. Or try for merit aid. You probably won't get much financial aid from anywhere.",Thorough,
"Probably not unless you plan on going into a STEM field. Of course, you should check with the schools you plan to apply to as well.",Thorough,
"Probably not that much. In 2002 58% of all public schools were considered Title I, and that number has only gone up so it's not uncommon",Thorough,
"As I'm sure you've realized, it is a bit risky. The main issue in my opinion isn't the joke itself – rather, it's the presentation. ""BTW"" might not even be understood by the AOs, and ""Hahahahaa"" isn't the most formal thing either... I also don't think you should shoot yourself in the foot. I don't know the purpose of the video or the importance of its quality, but its not good to describe your video as poorly made (which they will likely see before the video plays). Like I said, though, I don't know much about the video.",Thorough,
DO RESEARCH lol shadowing won’t help your college app. If you’re interested in applying to BS/MD programs then consider doing some shadowing (but like no more than a week). Most shadowing experiences are 2-3 days with a few doctors... not for an entire summer. Being successful in research can lead to more opportunities with competitions like Regeneron STS and Intel ISEF,Thorough,
"Lol. Duke and Columbia are going to get a boost of ED apps based on this, while Stanford and Penn are going to lose some",Thorough,
"Stunt for what? You haven't given a reson for having a good chance to get into Harvard, Yale, etc before choosing your college education? You realize even people who absolutely want to go to Harvard and have great chances to be accepted, still send their applications to other colleges? Fucking stupidest upvoted thread I've ever seen.",Gatekeeping,
School spirit and party life are insane. Learn to hate every other Pennsylvania school and Rutgers lol,Generic,
"You should discuss how this with your guidance counselor. The Common App and non-CA apps (like MIT) include a space for you to include additional information, so you could talk about how you grew in maturity or responsibility or whatever and say that it won't happen again. You're probably not totally fucked.",Thorough,
"I was actually planning to do that, I get that, but why? That sounds really..REALLY stupid.",Gatekeeping,
"Probably not. Look at each school's required and recommended courses. If you were attending a pre-law, pre-med, or engineering program then the answer would be different.",Thorough,
Im pretty sure scores expire after 5 years anyway lol Edit: Ur in 8th fucking grade lol. Enjoy your life and come back junior year.,Gatekeeping,
"Hey guys, I met an NYU representative today and she gave me a sheet to fill out my name and other information about me, I was wondering what exactly they do with that information and if meeting with them helps my chances of admission.",Generic,
"Unless it asks for “nonwhite hispanic,” you’re fine.",Thorough,
"Very highly unlikely. You can put this under the ""things not to worry about"" column.",Generic,
"Are you dumb, Cornell is one of the best engineering schools in the world",Gatekeeping,
"If you are scraping for money to go to college, a fraternity is probably not up your alley. You can have a great group of friends, or ""family"" so to speak, without joining a fraternity though. Don't worry.",Thorough,
"Overpriced summer programs are overrated. Of course, the exception is if it's a highly selective one like RSI or MOP. In fact, the more prestigious summer programs tend to be free! How much are you going to be paying for the engineering program? If it's over $1000 it's probably not worth it.",Thorough,
"Ask your school. You need to know if your school treats ISS as more of an extended detention or if they actually report ISS as a 'suspension.' If they do report it as a suspension, you do need to disclose. If you do have to report it, you should probably own up to the fact that it was a really dumb move to do that, even as a joke. Please for the love of god, do not put ""it was a joke"" in the portion where you can explain discipline/extenuating circumstances. You WILL be rejected.",Thorough,
"Yeah but first you have to make sure you actually gain admission. Once you gain admission, only then should you visit campuses and decide which one to attend. The reason I'm saying is because these programs are very competitive and you probably won't make it into all of them. You have to make sure you're actually admitted before committing to one school. Basically, the universities are the ones who decide where you can study, not you.",Thorough,
"very, very risky. But, I would try it... super unique.",Generic,
"I suggest for you to retake it to improve your writing score. Take a look at MIT's admission statistics, specifically the writing score acceptance distributions. http://mitadmissions.org/apply/process/stats I know, I know, they are concluding statistics and not rules of admission. But who knows, while you're at it, take the chance to improve your science score and get an even higher composite :)",Thorough,
"Do all the schools you're applying to require it? If not, I wouldn't bother sending it.",Thorough,
"The way the system works is actually pretty interesting. If you're application got rejected for the huntsman program that means you cannot get enter UPenn as a huntsman student. Nonetheless, if your GPA and overall performance is good in college you can apply to transfer to Huntsman. Once your application gets rejected from a dual degree program, your application gets put down to your second choice of college (in this case, Wharton.) If you are deferred from Wharton that means the Wharton adcoms will consider your application again for RD. What this means is that very few people actually get deferred from dual degree programs. TLDR: So yes, you can have a second choice, but the adcoms of your second college view your app independently. Also, you had to have checked the second choice option to be considered for your second college ofc.",Thorough,
"He applied to good colleges to be able to choose where to go. You can't choose to go to Harvard, or Yale. You have to be accepted first. Applying to top colleges because name and brand, no fucking shit sherlock. You are choosing an education that will set-up your future, not a football team. Ivy League colleges don't have a sorting hat for fit. Yale is not Gryffindor and Cornell isn't Hufflepuff. Get a grip man, what a stupid loaded questions.",Gatekeeping,
I genuinely wrote a funny story. Their admissions team even sent an email with a sample funny story and it didn't reveal anything profound- just a time that made you laugh. Don't worry- your common app essay and recommendations already reveal a ton about yourself.,Thorough,
"Btw, the M7 schools are: Harvard, Stanford, U Penn, MIT, Northwestern, Chicago and Columbia. UC Berkeley is not a member of the M7. Can't help you out though really lol.",Thorough,
i mean i doubt it would help anything. And 600 followers isnt really alot plus people can just buy followers and likes these days. I woudnt,Thorough,
